mean_fit_time,std_fit_time,mean_score_time,std_score_time,param_max_depth,param_max_features,param_min_samples_leaf,param_n_estimators,params,split0_test_score,split1_test_score,split2_test_score,split3_test_score,split4_test_score,mean_test_score,std_test_score,rank_test_score
3.041408157348633,0.1472591533809351,0.06000685691833496,0.008101897567642482,8,sqrt,5,200,"{'max_depth': 8, 'max_features': 'sqrt', 'min_samples_leaf': 5, 'n_estimators': 200}",0.5351894918839125,0.5115935285550711,0.3904213978508513,0.5410440548056153,0.43236220916013984,0.482122136451118,0.06006925245345979,1
13.363782167434692,0.1101197889902119,0.1253361701965332,0.015520782611972409,,0.5,5,400,"{'max_depth': None, 'max_features': 0.5, 'min_samples_leaf': 5, 'n_estimators': 400}",0.534036590861651,0.5266717203586802,0.39152582842381056,0.5328302293182515,0.4248866305441601,0.48199019990131065,0.06121208020258807,2
6.526620483398437,0.11004975077581766,0.05735960006713867,0.0014433208015408438,,0.5,5,200,"{'max_depth': None, 'max_features': 0.5, 'min_samples_leaf': 5, 'n_estimators': 200}",0.5466963543812455,0.5231113048149513,0.3908105481991983,0.5264867330145014,0.42087561682372887,0.48159611144672515,0.06309630381679754,3
11.965888357162475,0.1671602044638003,0.10550427436828613,0.0027171921113646772,8,0.5,5,400,"{'max_depth': 8, 'max_features': 0.5, 'min_samples_leaf': 5, 'n_estimators': 400}",0.5287463067281738,0.5357180331851713,0.3865509849285728,0.5325958261261151,0.4233874587955615,0.4813997219527189,0.0635215313091066,4
11.030966424942017,0.32737958754417235,0.07631916999816894,0.01085412993603645,16,0.5,5,400,"{'max_depth': 16, 'max_features': 0.5, 'min_samples_leaf': 5, 'n_estimators': 400}",0.5402052459052543,0.522954124985501,0.3877744126832985,0.5358355236687581,0.42001000649192055,0.48135586274694653,0.06431562897028029,5
5.769353342056275,0.17383792700742937,0.054308509826660155,0.0028649780258727,8,0.5,5,200,"{'max_depth': 8, 'max_features': 0.5, 'min_samples_leaf': 5, 'n_estimators': 200}",0.527486583048125,0.5383798354348517,0.38082403904342543,0.5296492819714422,0.4289904454519806,0.481066036989965,0.06412549519152912,6
6.806605672836303,0.11692968390794947,0.12246937751770019,0.026560408972171174,12,sqrt,5,400,"{'max_depth': 12, 'max_features': 'sqrt', 'min_samples_leaf': 5, 'n_estimators': 400}",0.5274874300268652,0.5038294028664508,0.39529287220721415,0.5443905052680317,0.43227471276029883,0.4806549846257721,0.05730600166983523,7
14.728975343704224,0.1846092586777378,0.1232609748840332,0.007897599059033965,12,0.5,3,400,"{'max_depth': 12, 'max_features': 0.5, 'min_samples_leaf': 3, 'n_estimators': 400}",0.5271831090394715,0.5184475989837185,0.39363101574187626,0.5345804984777799,0.4291905688183221,0.48060655821223364,0.05783226544894808,8
3.7516876697540282,0.15676950128653636,0.07561845779418945,0.0049958065159579675,,sqrt,3,200,"{'max_depth': None, 'max_features': 'sqrt', 'min_samples_leaf': 3, 'n_estimators': 200}",0.5124086486989713,0.5193405627819895,0.4037427782740464,0.5323027002604483,0.43517953715185875,0.48059484543346287,0.051294914747693245,9
7.838909769058228,0.3294984577512061,0.07469229698181153,0.021234174603918018,12,0.5,3,200,"{'max_depth': 12, 'max_features': 0.5, 'min_samples_leaf': 3, 'n_estimators': 200}",0.5329497207365866,0.5177523502461202,0.38976941469275056,0.534589730294333,0.42610783687598836,0.48023381056915576,0.06042284661112701,10
11.851777076721191,0.07262496804529439,0.10649271011352539,0.00733019690124517,8,0.5,1,400,"{'max_depth': 8, 'max_features': 0.5, 'min_samples_leaf': 1, 'n_estimators': 400}",0.5296537063701937,0.5096831521751982,0.3828556203583624,0.543279433583577,0.4336703467627769,0.47982845185002165,0.061537284495195056,11
3.707061195373535,0.07453125641896606,0.06492424011230469,0.003915150463419733,16,sqrt,3,200,"{'max_depth': 16, 'max_features': 'sqrt', 'min_samples_leaf': 3, 'n_estimators': 200}",0.5155112472234397,0.5054277927925305,0.40686127193851634,0.5496173168697692,0.4188538776988627,0.4792543013046237,0.05628416050010134,12
6.798953294754028,0.1163029857088549,0.06152844429016113,0.003302523960687095,16,0.5,5,200,"{'max_depth': 16, 'max_features': 0.5, 'min_samples_leaf': 5, 'n_estimators': 200}",0.5376027879595555,0.5284144246046523,0.38741964957718933,0.5258522987592494,0.4168943139876329,0.4792366949776559,0.06374167664995446,13
6.231975793838501,0.09794545530988796,0.10231666564941407,0.002664451442205229,8,sqrt,3,400,"{'max_depth': 8, 'max_features': 'sqrt', 'min_samples_leaf': 3, 'n_estimators': 400}",0.5209897078587347,0.508416784964613,0.3907470284420485,0.5477676562160694,0.4267810358960347,0.47894044267550007,0.05978772919369487,14
11.614400672912598,0.09579031699999194,0.10819745063781738,0.006120300152910464,8,0.5,3,400,"{'max_depth': 8, 'max_features': 0.5, 'min_samples_leaf': 3, 'n_estimators': 400}",0.530312599344642,0.5123222718660979,0.38565459892762455,0.5404270620562445,0.4256023287310818,0.4788637721851382,0.06177576064266952,15
5.821950912475586,0.09224102098732653,0.052902603149414064,0.0024960980678686083,8,0.5,3,200,"{'max_depth': 8, 'max_features': 0.5, 'min_samples_leaf': 3, 'n_estimators': 200}",0.5277151491502835,0.5149428880476054,0.38495865048514516,0.535916231725133,0.4302229138490981,0.4787511666514531,0.06021160079834607,16
2.9098840713500977,0.04324254219475225,0.05212922096252441,0.0009865160232856592,8,sqrt,3,200,"{'max_depth': 8, 'max_features': 'sqrt', 'min_samples_leaf': 3, 'n_estimators': 200}",0.522599583169365,0.5043697680138793,0.38651308115394095,0.5498625273470527,0.4295975309178335,0.4785884981204143,0.060925584123091715,17
14.710601568222046,0.05499526588462283,0.12190847396850586,0.016771518610370538,16,0.5,3,400,"{'max_depth': 16, 'max_features': 0.5, 'min_samples_leaf': 3, 'n_estimators': 400}",0.5249588373898838,0.5172633619342953,0.396674977542852,0.5332929210189712,0.4201195067055697,0.4784619209183144,0.05790836734219251,18
13.87436490058899,0.0796080141729118,0.13341646194458007,0.026167415016934065,12,0.5,5,400,"{'max_depth': 12, 'max_features': 0.5, 'min_samples_leaf': 5, 'n_estimators': 400}",0.5339487289309887,0.5213372779360393,0.38961553899367507,0.5262566725301819,0.4195064034219447,0.47813292436256594,0.06094310759252112,19
7.007429790496826,0.21947295531119035,0.058571577072143555,0.0031566875181577446,12,0.5,5,200,"{'max_depth': 12, 'max_features': 0.5, 'min_samples_leaf': 5, 'n_estimators': 200}",0.5292113840247777,0.5263260478740961,0.3872344734289837,0.5293602350730886,0.4180027137521845,0.4780269708306261,0.062344106437278037,20
6.9505983829498295,0.07354636685094723,0.1346883773803711,0.022465469492137402,,sqrt,3,400,"{'max_depth': None, 'max_features': 'sqrt', 'min_samples_leaf': 3, 'n_estimators': 400}",0.5164699149955146,0.5117222924425592,0.4027171105248814,0.534108029945023,0.42509253922046053,0.4780219774256878,0.05335156760673568,21
6.886381816864014,0.16246133137529992,0.12023048400878907,0.010010251790154417,16,sqrt,5,400,"{'max_depth': 16, 'max_features': 'sqrt', 'min_samples_leaf': 5, 'n_estimators': 400}",0.5215327663154573,0.5026857644617359,0.39007893569394686,0.5465803142090874,0.42859444478173203,0.477894445092392,0.058955432206193724,22
14.158536434173584,0.14975515127829622,0.12008237838745117,0.01273075150622769,,0.5,3,400,"{'max_depth': None, 'max_features': 0.5, 'min_samples_leaf': 3, 'n_estimators': 400}",0.5222963679307604,0.512129099071886,0.38960310146281607,0.5390688577515357,0.42625671096215206,0.47787082743583004,0.05890274222153668,23
5.67742133140564,0.12111247821688688,0.10557217597961426,0.011622136807952156,8,sqrt,5,400,"{'max_depth': 8, 'max_features': 'sqrt', 'min_samples_leaf': 5, 'n_estimators': 400}",0.5224058540721533,0.5034947530101456,0.39659355249269107,0.5418697117124491,0.42493363975942966,0.4778595022093738,0.05682279818515353,24
8.12005681991577,0.12156792666929149,0.07141737937927246,0.009382835732996206,16,0.5,1,200,"{'max_depth': 16, 'max_features': 0.5, 'min_samples_leaf': 1, 'n_estimators': 200}",0.5136236280085873,0.5078975859024178,0.39950207482639644,0.5445191216528257,0.42356448180443196,0.4778213784389319,0.056058348941474136,25
15.653258657455444,0.23081654832654355,0.12185120582580566,0.0016393967945170602,,0.5,1,400,"{'max_depth': None, 'max_features': 0.5, 'min_samples_leaf': 1, 'n_estimators': 400}",0.514253090243823,0.5137049579255349,0.40395040131522064,0.5313224258065731,0.42499415152786657,0.47764500536380367,0.052392260112076657,26
3.831077814102173,0.16271393479978458,0.06809382438659668,0.005787293870174772,12,sqrt,1,200,"{'max_depth': 12, 'max_features': 'sqrt', 'min_samples_leaf': 1, 'n_estimators': 200}",0.5206910942494246,0.5054969772922634,0.39406711458592825,0.5408609706644862,0.4258406947131981,0.4773913703010601,0.05708517347383162,27
3.451201009750366,0.10568856073636458,0.06285080909729004,0.0020972048241672224,12,sqrt,5,200,"{'max_depth': 12, 'max_features': 'sqrt', 'min_samples_leaf': 5, 'n_estimators': 200}",0.5161007827314215,0.5125168155701242,0.3890580821343325,0.5334913526651214,0.43576337544642385,0.4773860817094847,0.0555249190029478,28
7.70362491607666,0.07295232831740701,0.1264796257019043,0.012732050134976873,16,sqrt,3,400,"{'max_depth': 16, 'max_features': 'sqrt', 'min_samples_leaf': 3, 'n_estimators': 400}",0.5195941241776456,0.50085000994574,0.40212256388710665,0.5466451490845637,0.417650290399576,0.4773724274989264,0.057204639911757164,29
5.851782178878784,0.05830798617007525,0.05250082015991211,0.0021412008525810338,8,0.5,1,200,"{'max_depth': 8, 'max_features': 0.5, 'min_samples_leaf': 1, 'n_estimators': 200}",0.5319360054009877,0.5098540651434492,0.3799672130171752,0.5327414411325114,0.43167566176244043,0.4772348772913128,0.061112754961650494,30
2.959377956390381,0.07427907249184892,0.05683679580688476,0.003971297761770385,8,sqrt,1,200,"{'max_depth': 8, 'max_features': 'sqrt', 'min_samples_leaf': 1, 'n_estimators': 200}",0.517805993674543,0.4945727231255312,0.39084272563682765,0.5418556350632263,0.4390353833334378,0.4768224921667132,0.05485328361446268,31
7.692128419876099,0.14149169296740677,0.13061766624450682,0.008203617539825774,12,sqrt,1,400,"{'max_depth': 12, 'max_features': 'sqrt', 'min_samples_leaf': 1, 'n_estimators': 400}",0.5146485661109126,0.5024448942272642,0.39477207790588986,0.5462502276242054,0.4237141362176753,0.47636598041718947,0.05737465598194948,32
8.34535255432129,0.09644700343131712,0.14308514595031738,0.019012414559112654,,sqrt,1,400,"{'max_depth': None, 'max_features': 'sqrt', 'min_samples_leaf': 1, 'n_estimators': 400}",0.5117129877293786,0.5151824127540549,0.39860646983305165,0.5221142068389643,0.43353757293091455,0.47623073001727273,0.05045740595149543,33
3.295525598526001,0.06304211528103398,0.05938396453857422,0.001510718925211598,,sqrt,5,200,"{'max_depth': None, 'max_features': 'sqrt', 'min_samples_leaf': 5, 'n_estimators': 200}",0.5195181572588491,0.5116853045297932,0.3923005429148354,0.5347773265388909,0.4214606205076897,0.4759483903500117,0.05762321545979033,34
16.41182131767273,0.07173269930415507,0.13692927360534668,0.014853292059927428,16,0.5,1,400,"{'max_depth': 16, 'max_features': 0.5, 'min_samples_leaf': 1, 'n_estimators': 400}",0.512318899360824,0.5107875494368678,0.400391186168603,0.5303098814007609,0.42512768021944836,0.47578703931730076,0.05250382491200536,35
7.4416234493255615,0.18208800636131017,0.07088775634765625,0.011097598366983357,16,0.5,3,200,"{'max_depth': 16, 'max_features': 0.5, 'min_samples_leaf': 3, 'n_estimators': 200}",0.515549441765463,0.529718753960573,0.3867164372520448,0.5289631733250978,0.41762972422645644,0.47571550610592694,0.06104621132661622,36
6.5639537334442135,0.0920989914144833,0.1121716022491455,0.003953739644889781,,sqrt,5,400,"{'max_depth': None, 'max_features': 'sqrt', 'min_samples_leaf': 5, 'n_estimators': 400}",0.5160581293837366,0.5051368708543155,0.39702716186116965,0.5378508180131347,0.4217019856234299,0.4755549931471573,0.055611380193704735,37
3.722440004348755,0.21599028016513408,0.06263933181762696,0.004012275624399925,16,sqrt,5,200,"{'max_depth': 16, 'max_features': 'sqrt', 'min_samples_leaf': 5, 'n_estimators': 200}",0.5215006712495364,0.5048326128453705,0.3895692158864618,0.538524362283472,0.4232653790177496,0.47553844825651803,0.058414179903799664,38
7.195863676071167,0.14158593355875237,0.11855573654174804,0.002296742215636534,12,sqrt,3,400,"{'max_depth': 12, 'max_features': 'sqrt', 'min_samples_leaf': 3, 'n_estimators': 400}",0.5190696901038793,0.5032741536058005,0.39700491285342404,0.5253933818508219,0.4322663126062083,0.47540169020402684,0.051360788865653796,39
7.746189117431641,0.08863186588126347,0.07817702293395996,0.009369108798519262,12,0.5,1,200,"{'max_depth': 12, 'max_features': 0.5, 'min_samples_leaf': 1, 'n_estimators': 200}",0.5191137991652564,0.5152906593749804,0.3874297546708238,0.522169648552137,0.43211608006456115,0.4752239883655518,0.055320281735177584,40
6.02814621925354,0.07872320905745106,0.10128188133239746,0.004190286227264609,8,sqrt,1,400,"{'max_depth': 8, 'max_features': 'sqrt', 'min_samples_leaf': 1, 'n_estimators': 400}",0.5068923116685845,0.49219555639114554,0.3950042323090404,0.5456014732478716,0.4358638294510695,0.47511148061354225,0.05334468161307572,41
7.68707389831543,0.06629038801760555,0.0635225772857666,0.0029946373775505864,,0.5,1,200,"{'max_depth': None, 'max_features': 0.5, 'min_samples_leaf': 1, 'n_estimators': 200}",0.5138980045659408,0.5130663907750054,0.3977927531079562,0.5234302001298403,0.4259814951351442,0.4748337687427774,0.052290006269160576,42
16.489861392974852,0.2589888747887254,0.12619528770446778,0.010522334532065955,12,0.5,1,400,"{'max_depth': 12, 'max_features': 0.5, 'min_samples_leaf': 1, 'n_estimators': 400}",0.5156771801974392,0.5179887916904223,0.38529440700836554,0.5211628121276112,0.43248807462985206,0.47452225313073804,0.055654093157015784,43
8.162094783782958,0.13395996982603758,0.13890352249145507,0.015497525071487758,16,sqrt,1,400,"{'max_depth': 16, 'max_features': 'sqrt', 'min_samples_leaf': 1, 'n_estimators': 400}",0.518111336575381,0.5077563758012015,0.3982194618608592,0.527506878970199,0.41836430552993725,0.47399167174751555,0.05438071189650794,44
4.283795690536499,0.14478791223399745,0.06828155517578124,0.0044909907130535245,16,sqrt,1,200,"{'max_depth': 16, 'max_features': 'sqrt', 'min_samples_leaf': 1, 'n_estimators': 200}",0.5213056545584692,0.5047609231506068,0.40193672411580533,0.5223452138545316,0.41921187692029527,0.47391207851994166,0.05237582373528516,45
3.996555280685425,0.08642840965061156,0.06648921966552734,0.0030825184101315587,,sqrt,1,200,"{'max_depth': None, 'max_features': 'sqrt', 'min_samples_leaf': 1, 'n_estimators': 200}",0.515978228428613,0.5097732860490316,0.3969475719027023,0.5260674675772172,0.41884084841364905,0.47352148047424264,0.05427961792678323,46
3.6886127471923826,0.10341607436613899,0.07799630165100098,0.015990099013010683,12,sqrt,3,200,"{'max_depth': 12, 'max_features': 'sqrt', 'min_samples_leaf': 3, 'n_estimators': 200}",0.5157837669084763,0.500814125639774,0.39484708160507004,0.524709597611056,0.424531725957227,0.4721372595443206,0.0524047505822552,47
7.007813215255737,0.09828528497237916,0.058111143112182614,0.00046579455036649257,,0.5,3,200,"{'max_depth': None, 'max_features': 0.5, 'min_samples_leaf': 3, 'n_estimators': 200}",0.5121320970826507,0.5117170184986967,0.38831558835712365,0.528777892400929,0.41520405993403214,0.47122933125468647,0.05768473931393807,48
