mean_fit_time,std_fit_time,mean_score_time,std_score_time,param_clf__C,param_clf__gamma,params,split0_test_score,split1_test_score,split2_test_score,split3_test_score,split4_test_score,mean_test_score,std_test_score,rank_test_score
0.6697439193725586,0.03757067431578794,0.21051864624023436,0.04061849360535792,10.0,0.01,"{'clf__C': 10, 'clf__gamma': 0.01}",0.5775759602996167,0.5634071511595878,0.45590019643935825,0.5657392372099278,0.41578180556880545,0.5156808701354592,0.06658557238597214,1
0.6993149280548095,0.08176319700700675,0.2088064193725586,0.007842161734549607,3.0,0.01,"{'clf__C': 3, 'clf__gamma': 0.01}",0.5914190691033012,0.5597848470913587,0.4394458926041474,0.5611873245281358,0.4120351027192715,0.5127744472092429,0.07247655260699366,2
0.6433165073394775,0.026025081973432986,0.18819942474365234,0.011516173478237876,30.0,0.01,"{'clf__C': 30, 'clf__gamma': 0.01}",0.5785320661189739,0.5641723846558472,0.4557661860916393,0.5550905221459926,0.40816627850067927,0.5123454875026265,0.06774710824907253,3
0.6352169990539551,0.02996989168520839,0.2132422924041748,0.007965968854506806,1.0,0.03,"{'clf__C': 1, 'clf__gamma': 0.03}",0.583882742926796,0.558774994024143,0.42708363502054975,0.550291128089337,0.41216242233981176,0.5064389844801276,0.07189568244798636,4
0.6833670616149903,0.0312843685906677,0.2242281913757324,0.00555610600141489,1.0,0.01,"{'clf__C': 1, 'clf__gamma': 0.01}",0.5912132631318949,0.5458773224762347,0.4382938394363716,0.5469144525180796,0.4089965684293535,0.5062590891983868,0.07002706300423955,5
0.6027746677398682,0.02689511767523769,0.22270698547363282,0.04381658574662349,3.0,0.03,"{'clf__C': 3, 'clf__gamma': 0.03}",0.5725732767085917,0.5387206422471778,0.44986636698459276,0.5604965078656392,0.40590323844302806,0.5055120064498059,0.06579007024089994,6
0.7611506462097168,0.0416614667355982,0.2261441707611084,0.030063989976638745,1.0,scale,"{'clf__C': 1, 'clf__gamma': 'scale'}",0.5754991602335803,0.5455469743390898,0.42696166966240795,0.546215808944214,0.40774293809148093,0.5003933102541545,0.06892857284102877,7
0.6764074325561523,0.052474323352685696,0.22548980712890626,0.024651920986176988,3.0,scale,"{'clf__C': 3, 'clf__gamma': 'scale'}",0.5466201228725008,0.5394401138293804,0.4353614465535371,0.556384785182275,0.41068461646007326,0.49769821697955335,0.06170428143774503,8
0.6774468898773194,0.05426334986319656,0.23973970413208007,0.0669874282427227,10.0,0.03,"{'clf__C': 10, 'clf__gamma': 0.03}",0.5423590702278769,0.5418243099378662,0.43498962966395727,0.5428763233723851,0.41860802497436,0.49613147163528915,0.05684736956015327,9
0.7396222114562988,0.02843821183577283,0.21028337478637696,0.006110744588584851,1.0,0.1,"{'clf__C': 1, 'clf__gamma': 0.1}",0.5539545991092778,0.5283871401272278,0.43142522415659235,0.5552577588762857,0.4042016857651111,0.4946452816068989,0.06404186170396442,10
0.6696041584014892,0.048867012029349434,0.20068902969360353,0.015338536230296152,10.0,scale,"{'clf__C': 10, 'clf__gamma': 'scale'}",0.5363825772798095,0.513545349128671,0.4363522104606761,0.5258537103005868,0.4126598779749797,0.48495874502894465,0.05044546366505432,11
0.6918871402740479,0.02726501284231503,0.21661753654479982,0.015375224004702768,3.0,0.1,"{'clf__C': 3, 'clf__gamma': 0.1}",0.5434898665985116,0.512643185930368,0.43289295951548873,0.5274445763760282,0.4075380299729836,0.48480172367867597,0.05422555889588591,12
0.7547533512115479,0.04520039776272454,0.17753219604492188,0.010042609685363729,30.0,0.03,"{'clf__C': 30, 'clf__gamma': 0.03}",0.5351316595599167,0.5286523059619651,0.44305837816558413,0.5136989523480353,0.40185003519502477,0.48447826624610524,0.05275223640856036,13
0.8470592498779297,0.05365764253983691,0.18571901321411133,0.01014670256075562,30.0,scale,"{'clf__C': 30, 'clf__gamma': 'scale'}",0.5314733035695179,0.5066235487967163,0.42364314469830333,0.5035762416369848,0.397606508911323,0.4725845495225691,0.052161272003233394,14
0.8951842308044433,0.014265990836914232,0.24704198837280272,0.006038469823024532,0.1,scale,"{'clf__C': 0.1, 'clf__gamma': 'scale'}",0.5496724386302679,0.5114087689151607,0.3842457348967634,0.5131011593739249,0.3885760183991953,0.4694008240430625,0.06914037498267848,15
1.157616949081421,0.10663203895827124,0.3022008419036865,0.032703831092520404,0.1,0.1,"{'clf__C': 0.1, 'clf__gamma': 0.1}",0.5462917790326531,0.5117098802825368,0.37793832026734514,0.5063850942760725,0.3980300259504184,0.4680710199618052,0.0671125174115619,16
0.8574597835540771,0.06995430230982545,0.19670648574829103,0.003985597910344628,10.0,0.1,"{'clf__C': 10, 'clf__gamma': 0.1}",0.5225339643062216,0.4995153918839261,0.41850611610180927,0.5070972188258217,0.3876855974969257,0.46706765772294084,0.05364972915236258,17
0.9068203449249268,0.015844148353459844,0.311660099029541,0.056652181074128304,0.1,0.03,"{'clf__C': 0.1, 'clf__gamma': 0.03}",0.5424772186534188,0.5037544415077523,0.38028991323521244,0.5146020896764885,0.37948493454474347,0.4641217195235231,0.06992819429051447,18
0.8083248138427734,0.10550593973545491,0.14453401565551757,0.004102548266867953,30.0,0.1,"{'clf__C': 30, 'clf__gamma': 0.1}",0.4882819977673097,0.48761859140678054,0.40566797473285005,0.4818210862686218,0.3731817233630017,0.44731427470771273,0.048422230002012796,19
0.968605375289917,0.04409471298140047,0.28449602127075196,0.04306211629803188,0.1,0.01,"{'clf__C': 0.1, 'clf__gamma': 0.01}",0.49937585058427486,0.4696874733829821,0.37129340874980077,0.5247382564012645,0.35655793545671793,0.44433058491500804,0.06808349843293098,20
